No;Waktu Pengisian;Nama Pengamat;Asal Tim;Panel Paling Berbeda;Alasan Pemilihan Panel
1;08/10/2026 22:01;Dhiya Izdihar Haryadi;Tim 1;Panel 17;Memiliki garis tren positif yang berbeda dengan yang lain
2;08/10/2026 22:02;Suhartin M;Tim 3;Panel 12;Sebagian besar panel lainnya memiliki garis tren yang miring ke atas (korelasi positif) atau cenderung datar/netral. Hanya Panel 12 (dan sedikit Panel 16/5) yang memiliki kemiringan negatif menonjol, dengan Panel 12 memiliki kecenderungan paling konsisten menurun tajam dibanding pola mayoritas.
3;08/10/2026 22:06;Nathania;Tim 1;Panel 12;kemiringan garis regresi turun tajam
4;08/10/2026 22:06;asmaul husna;Tim 6;Panel 12;Arah tren garis regresi pada panel 12 menunjukkan kemiringan negatif yang sangat tajam (menurun dari kiri ke kanan). Sementara itu, hampir semua panel lainnya menunjukkan tren positif (naik dari kiri ke kanan) atau cenderung mendatar (konstan).
5;08/10/2026 22:23;Ilfani Magfirli;Tim 5;Panel 12;Saya memilih panel 12 karena arah tren garisnya negatif dan cukup kuat. Berbeda dengan mayoritas panel yang cenderung datar atau positif. Jadi, pola hubungan Kemiskinan dan TPT pada panel 12 paling kontras.
6;08/10/2026 22:23;Rizka Magfira;Tim 5;Panel 12;Karena panel 12 garisnya turun tajam dari kiri atas ke kanan bawah yang menunjukkan korelasi negatif kuat.
7;08/10/2026 22:28;Alifstiana Putri;Tim 4;Panel 7;grafik/garisnya nampak lurus dan tdk ada perubahan tpt saat bertambahnya tingkat kemiskinan
8;08/10/2026 22:45;Wafiq Chairani;Tim 6;Panel 12;Panel nomor 12 paling berbeda dari yang lain karena menunjukkan hubungan negatif antara kemiskinan dan TPT yang paling jelas, ditandai dengan garis regresi yang cukup curam menurun. Artinya, pada panel ini, semakin tinggi persentase kemiskinan, TPT cenderung semakin rendah, sedangkan sebagian besar panel lainnya menunjukkan hubungan yang relatif lemah, datar, atau positif.
9;08/10/2026 23:16;Riski Aprilianti;Tim 7;Panel 12;Memiliki simetris yang berbeda dari yang lain
10;08/10/2026 23:20;A. Muh. Faldi Fadhil A. Darsyad;Tim 7;Panel 12;Negatif
